codigo,anno,MERF_resultados_repro
5001,2011,49.23259120646529
5002,2011,87.24203621808567
5031,2011,87.97903742279253
5034,2011,89.35383862288596
5045,2011,64.32904435158196
5079,2011,69.62408415697496
5088,2011,49.7532141695353
5093,2011,90.76902147669726
5129,2011,42.50973934460736
5142,2011,91.57029958961623
5154,2011,82.76178789454124
5172,2011,70.67389359257591
5212,2011,47.82993271825569
5266,2011,40.831490084690266
5282,2011,76.34581331460005
5308,2011,52.00848510393031
5318,2011,60.05862181927678
5360,2011,43.52434057141299
5361,2011,88.12536751375293
5380,2011,46.07001931022398
5411,2011,92.61278015398635
5425,2011,92.31897878087246
5440,2011,65.81716683778744
5467,2011,86.29852647470096
5480,2011,83.8031873175774
5579,2011,74.22451422963674
5591,2011,75.71289547709002
5604,2011,82.76476129541864
5607,2011,63.54172853621133
5615,2011,44.87919282253972
5631,2011,39.58521652729495
5647,2011,84.96664723677294
5679,2011,75.27356819520472
5790,2011,87.995150272125
5809,2011,62.839201009527365
5837,2011,79.31577995555136
5847,2011,88.27931410200533
5887,2011,71.59542471139984
5893,2011,79.57561872739154
5895,2011,89.82534530713603
8001,2011,68.21287032082024
8078,2011,84.22205560492328
8421,2011,86.16416802072608
8433,2011,73.11745546541766
8549,2011,90.26456776444431
8558,2011,81.82432971916027
8573,2011,73.60499232081062
8634,2011,79.74979363849316
8638,2011,83.25502645475603
8758,2011,68.0781190547426
8849,2011,85.3798507711143
11001,2011,52.565576296758934
13001,2011,66.76570067967252
13042,2011,94.83559950339095
13052,2011,86.50162156152595
13160,2011,85.22482467460695
13212,2011,93.6486046732981
13244,2011,92.34188961109662
13430,2011,88.23141340886907
13433,2011,93.77511031764952
13442,2011,91.58457664884217
13473,2011,90.74913791095373
13600,2011,92.05099748178691
13670,2011,92.0737303811792
13688,2011,90.05739394500415
13780,2011,93.51392564820624
13836,2011,72.39163707603565
13838,2011,76.74834767910684
13873,2011,91.54749332326487
15001,2011,58.06087701960641
15087,2011,79.86397735911838
15090,2011,89.73673285417412
15092,2011,71.18358420106924
15106,2011,91.76538892514817
15162,2011,87.20566430584148
15176,2011,79.42774635033712
15185,2011,90.19050832126923
15187,2011,86.80588302790937
15204,2011,85.81056473344778
15238,2011,66.97879486161168
15244,2011,87.46041599774192
15272,2011,77.24733345356925
15332,2011,88.98926085672316
15380,2011,82.91574501073302
15455,2011,79.51601701710028
15494,2011,92.72780157168884
15500,2011,85.34363108571796
15511,2011,87.25372259474874
15516,2011,67.09704770782
15522,2011,84.40921622784404
15531,2011,89.00009292264454
15537,2011,61.28149206608484
15572,2011,75.88547732266075
15580,2011,86.74831641211641
15599,2011,83.99386820252377
15600,2011,84.51228079061964
15759,2011,63.27467021358599
15763,2011,87.29244559118523
15790,2011,69.0343984408509
15806,2011,74.86894051485227
15808,2011,94.70995511881728
15814,2011,79.09841846169358
15816,2011,89.6516574847807
15832,2011,95.24730666124206
15837,2011,73.46398128037303
15839,2011,94.13811874106754
15861,2011,88.4135365948116
15897,2011,93.71358548632155
17001,2011,50.536234476138716
17013,2011,87.23767799585139
17042,2011,87.03831354318615
17174,2011,75.74034414251835
17272,2011,83.22846546539724
17380,2011,72.77996104081626
17433,2011,83.92887913890479
17446,2011,93.26080136762609
17513,2011,78.52762450786265
17541,2011,84.42608821795284
17614,2011,70.36379341653513
17616,2011,89.78860755521174
17665,2011,86.51995902481853
17777,2011,77.51964633578362
17873,2011,55.05068771345665
18001,2011,78.65319383271299
18150,2011,91.7038030311931
18205,2011,93.56674419168935
18247,2011,91.17121905581105
18256,2011,91.38829157845299
18410,2011,92.92692251472847
18460,2011,91.45368957286911
18592,2011,88.47940562168891
18610,2011,89.18894712257541
18753,2011,91.53629188449963
19001,2011,67.35218567357674
19100,2011,93.64070651660866
19110,2011,91.55257272767992
19130,2011,90.63495085936371
19142,2011,64.85881748092926
19212,2011,80.26609424107745
19256,2011,91.28779069236735
19290,2011,95.46730756985308
19318,2011,88.00367354706202
19355,2011,92.9858599383374
19364,2011,80.5843698646682
19397,2011,89.31993332710347
19450,2011,94.39744030057273
19473,2011,92.54116358062477
19532,2011,89.35862992889626
19548,2011,92.3360341869641
19573,2011,55.011983395058714
19622,2011,94.14890629030748
19698,2011,69.37196348855639
19743,2011,89.09083675521163
19760,2011,91.93256044958083
19821,2011,91.71025618078095
19824,2011,95.98271239924948
19845,2011,64.43214776407605
20001,2011,77.5594735760277
20011,2011,84.73016001666385
20013,2011,84.41175799898261
20045,2011,81.30126189914863
20060,2011,89.30497099151967
20175,2011,89.81448476779825
20517,2011,91.46202411163199
20621,2011,91.99991756041197
20770,2011,81.69893039735308
20787,2011,90.90233170592165
23001,2011,76.15663898644539
23068,2011,82.98256585945217
23162,2011,86.77111351312489
23168,2011,93.05998098271162
23182,2011,93.05046176208008
23189,2011,91.86132959509574
23300,2011,92.26123301546592
23417,2011,89.86572804292271
23419,2011,92.21364190027474
23466,2011,78.0816730201807
23500,2011,93.31229140890535
23555,2011,86.77623201115402
23660,2011,91.0404474120124
23670,2011,94.70946301785175
23672,2011,89.05673289675151
23675,2011,92.09166701608434
23807,2011,92.51447106006076
23855,2011,94.60761600673285
25035,2011,74.72366688131791
25040,2011,83.40126268686203
25126,2011,49.471121214574644
25175,2011,48.37581126302902
25178,2011,90.44006720069761
25183,2011,76.99764231037193
25260,2011,59.580802469738884
25269,2011,50.59906563185642
25286,2011,54.16024383161049
25290,2011,73.31579476264059
25307,2011,74.10558446262633
25322,2011,71.6753590846921
25386,2011,74.60042480937386
25398,2011,89.60531134915904
25426,2011,94.57361475326452
25430,2011,53.36999118276235
25436,2011,83.30672855161667
25473,2011,49.19068471375574
25489,2011,89.1989080855605
25592,2011,89.27075528559904
25599,2011,82.46548285055067
25662,2011,87.462376026389
25740,2011,65.06667878194875
25743,2011,87.96354258164295
25754,2011,57.36265118957734
25785,2011,60.89161185296131
25807,2011,76.32593633255524
25845,2011,89.2782553025572
25875,2011,76.04893057145104
25899,2011,55.01684823781301
27001,2011,81.02009166992234
27025,2011,87.88162127907674
27073,2011,94.0189905012029
27075,2011,90.04331568513358
27077,2011,92.04719321229057
27245,2011,84.30096501125642
27361,2011,90.17146358290073
27372,2011,86.8460216766232
27425,2011,91.73971655067989
27450,2011,94.9644037779742
27495,2011,90.54696621512598
27600,2011,90.58698662681431
27615,2011,92.33930230736405
27787,2011,90.20482145658295
27800,2011,85.83938572543474
27810,2011,87.87318886531945
41001,2011,65.67732332797361
41013,2011,88.22957018848822
41016,2011,85.55974614215161
41078,2011,92.37569952503068
41244,2011,88.41259264503398
41298,2011,84.12255401375369
41306,2011,89.31287881249729
41396,2011,88.16579822157699
41524,2011,85.48246254515855
41551,2011,84.41838074706384
41660,2011,94.25067265358348
41668,2011,93.77064827637427
41872,2011,91.81362464738127
44001,2011,79.87255974251407
44078,2011,82.4099176553973
44090,2011,91.21137505395531
44110,2011,94.45200475688522
44378,2011,84.54584099806563
44430,2011,89.22744347838015
44560,2011,89.32669280251895
44650,2011,88.53133118038487
44847,2011,85.02601254441187
44874,2011,90.3526500985771
47001,2011,71.84069164633765
47053,2011,81.38842076316413
47058,2011,91.97321259763868
47189,2011,83.6189862571572
47205,2011,95.81991095660887
47245,2011,92.80720467770679
47288,2011,85.51092389352517
47570,2011,92.26747625873207
47660,2011,94.38901603215493
47692,2011,91.21581278187554
47980,2011,82.79040959987476
50001,2011,67.3120418060853
50006,2011,70.30844810844066
50150,2011,68.42655780667738
50287,2011,88.74495504845873
50313,2011,82.10891288151193
50318,2011,80.17675575291834
50325,2011,89.32017752183143
50330,2011,88.9366163546416
50370,2011,87.77403403271654
50450,2011,92.63956446433093
50573,2011,82.03931808734681
50590,2011,93.6671299902174
50680,2011,66.42695791627743
50683,2011,89.45410854056884
50689,2011,79.20710245856239
52001,2011,70.61885304884873
52019,2011,87.56677783701777
52036,2011,93.00095282737333
52051,2011,96.05970845465772
52207,2011,92.17987506655679
52210,2011,86.32385362113585
52227,2011,93.97440678828872
52233,2011,90.21525116836864
52250,2011,93.0299714931633
52254,2011,92.37246483164435
52260,2011,93.87418845848038
52287,2011,95.22536750420728
52356,2011,82.57143289007301
52378,2011,91.04430163153644
52390,2011,91.68308115951038
52399,2011,91.41027421186567
52418,2011,94.64408219215939
52435,2011,96.78983995508753
52473,2011,91.00523288588361
52540,2011,95.09376255521009
52560,2011,93.56387966028744
52565,2011,89.54166670241035
52573,2011,91.42973224123978
52612,2011,90.35034039574127
52678,2011,93.60127970515023
52685,2011,93.45288996301964
52687,2011,92.42041489615549
52835,2011,83.17432224643943
52838,2011,90.67518760791386
54001,2011,72.22780271815472
54003,2011,93.94719493917911
54109,2011,95.39681589649969
54128,2011,92.00787000675278
54174,2011,92.57177985472558
54239,2011,86.30326273172827
54245,2011,90.84375110134307
54261,2011,83.68481281948802
54385,2011,92.69366282845911
54405,2011,71.91450319352094
54418,2011,89.61883383553365
54498,2011,82.56977378986201
54518,2011,78.04556584307201
54660,2011,86.66896932020428
54670,2011,95.92274162517238
54673,2011,71.42899021093376
54680,2011,91.42100726205005
54800,2011,95.12728236472763
54810,2011,80.45550680933427
54820,2011,85.04441200703134
54874,2011,77.81757427640134
63001,2011,63.62454744540022
63130,2011,74.91382627279374
63190,2011,78.32671915958409
63302,2011,86.08518985375792
63401,2011,73.259291116202
63470,2011,79.00084044765597
63548,2011,84.90919715487664
63594,2011,78.82371232992867
66001,2011,60.472975275681904
66045,2011,86.44053189333594
66075,2011,80.95834415774132
66088,2011,90.1088691585941
66170,2011,55.00031337677738
66318,2011,85.29236950360891
66383,2011,85.18495929229361
66400,2011,70.04123094920924
66440,2011,88.30125309907137
66572,2011,80.74886022917877
66594,2011,89.18522167803823
66682,2011,76.03077514162413
68001,2011,59.95599838607163
68020,2011,95.28698018785606
68051,2011,88.58327204367723
68077,2011,81.04875698012387
68079,2011,81.61845782786942
68081,2011,64.28119213505808
68092,2011,85.99408296207099
68101,2011,91.94001476459465
68160,2011,92.97556223244446
68167,2011,90.01254479347966
68235,2011,91.07685432415678
68250,2011,83.01246839150993
68255,2011,87.69810477264276
68276,2011,57.72179631465534
68298,2011,95.90684506104218
68307,2011,63.03226747992225
68318,2011,96.7985218974524
68368,2011,90.65236779391553
68370,2011,94.1345474047537
68406,2011,74.53238244859998
68418,2011,80.59011504063047
68432,2011,84.13692425952901
68468,2011,96.16339922083104
68502,2011,92.23400525668026
68547,2011,66.11296248506937
68572,2011,84.14967065672708
68669,2011,81.59683180121024
68679,2011,76.7366113642433
68682,2011,86.79429429068978
68689,2011,87.3872257199539
68705,2011,90.43183568107551
68770,2011,82.63335772455791
68773,2011,90.23797933292425
70001,2011,77.12622308714032
70110,2011,90.47454765765494
70215,2011,82.17602063408333
70265,2011,94.3268194919789
70429,2011,93.01067107277586
70473,2011,94.1024501931291
70678,2011,91.30585414467393
70708,2011,89.47383957047701
70713,2011,89.77887570435676
70717,2011,91.42782768432227
70742,2011,90.96520485002776
73001,2011,65.69210873228435
73026,2011,84.93469000188999
73030,2011,80.29425658154622
73043,2011,92.35107160866056
73055,2011,80.54751868175421
73168,2011,88.13881872821342
73226,2011,87.6717888422887
73268,2011,78.05787013996061
73319,2011,89.09672105997466
73347,2011,84.67684371810009
73349,2011,75.37548468615196
73408,2011,83.84426891633892
73443,2011,82.84897012309446
73483,2011,86.47826546137196
73547,2011,85.25520422728175
73555,2011,92.7780006340588
73624,2011,90.38279932875838
73671,2011,84.14362764972267
73686,2011,85.472532580721
73861,2011,82.96793217400501
76001,2011,60.66787969116355
76036,2011,71.78047550684192
76054,2011,85.80421704917092
76109,2011,79.77056467077661
76111,2011,64.64403939375002
76113,2011,71.64347397358002
76122,2011,81.29299398800144
76130,2011,64.44805990574254
76147,2011,75.61223902434234
76233,2011,84.50035633969904
76243,2011,93.34483929309549
76248,2011,70.22448631033735
76275,2011,67.40883500244101
76364,2011,69.52562877876699
76497,2011,84.1308468733863
76520,2011,63.931460869185244
76563,2011,69.20056005169805
76622,2011,81.07896883298201
76736,2011,83.61083826708308
76834,2011,70.45237126034593
76863,2011,89.45931090969349
76892,2011,59.88867576154421
5001,2016,43.825795243332735
5002,2016,84.84200115100087
5031,2016,76.27684790666667
5034,2016,78.13047937566719
5045,2016,62.86915573766653
5079,2016,61.89005713400088
5088,2016,44.6740300636662
5093,2016,86.15705715666793
5120,2016,90.63795828166684
5129,2016,35.87158817766581
5142,2016,90.24125766033441
5154,2016,72.05732195330295
5172,2016,66.34309897033258
5212,2016,37.928435660333065
5266,2016,32.15397702733311
5282,2016,71.14192339500028
5308,2016,47.629399123000255
5318,2016,41.78714137199916
5360,2016,34.519337273666835
5361,2016,76.85280355866675
5380,2016,30.91395482199956
5411,2016,85.79888961566662
5425,2016,61.269557577665566
5440,2016,59.664563579000145
5467,2016,79.81797579466692
5480,2016,80.91932166833321
5579,2016,69.47521482363645
5591,2016,59.25270568633259
5604,2016,72.89462648933268
5607,2016,51.62755550833315
5615,2016,38.604977786333066
5631,2016,30.200324989999576
5647,2016,79.59448643966653
5679,2016,75.51491750099996
5790,2016,86.16979991633386
5809,2016,56.93138143133183
5837,2016,76.81587769233329
5847,2016,85.17086614166678
5887,2016,66.4078491359995
5893,2016,70.40092925866632
5895,2016,83.77614662966708
8001,2016,60.86343562333331
8078,2016,74.13887028100011
8421,2016,88.31437748266704
8433,2016,67.8994568276666
8558,2016,74.18552871566618
8573,2016,64.59809981500003
8634,2016,72.9945164616665
8638,2016,75.82070966599971
8758,2016,63.32738464499973
8849,2016,79.8126573130002
11001,2016,43.59457339166654
13001,2016,61.95280481199995
13042,2016,89.57232498533345
13052,2016,78.15784581233324
13160,2016,73.29558693433293
13212,2016,88.09129543700003
13244,2016,85.17847636600033
13430,2016,81.35796108600034
13433,2016,88.4196620153334
13442,2016,85.89631065899994
13473,2016,85.92130010300063
13600,2016,90.85472809600031
13670,2016,87.09742444700034
13688,2016,86.68392389833366
13836,2016,70.85182816433334
13838,2016,76.1580422063325
13873,2016,83.4696666443339
15001,2016,50.77726496463613
15087,2016,77.63584602233313
15090,2016,77.55970697933313
15092,2016,77.42990805099981
15162,2016,81.17447779633385
15176,2016,68.43077475530325
15204,2016,77.04173780799994
15238,2016,54.047988240666385
15244,2016,87.13429468300045
15272,2016,75.39999175533319
15332,2016,86.05026087333331
15455,2016,72.04654296666652
15494,2016,87.70469590500008
15500,2016,59.38212043066475
15511,2016,84.09001920833384
15516,2016,57.315533686332635
15531,2016,85.31360964066654
15537,2016,63.88515878533294
15572,2016,66.4764659553333
15599,2016,81.629091467
15600,2016,72.77055217033296
15759,2016,57.492861466666675
15763,2016,82.1486062443337
15790,2016,64.18245788399932
15806,2016,71.01546492666674
15808,2016,81.26050239533345
15814,2016,80.49380301766661
15832,2016,82.75459341666652
15837,2016,82.98427136100102
15861,2016,85.82786621700009
15897,2016,67.22384603033161
17001,2016,43.31732214999952
17013,2016,80.06656088866673
17042,2016,77.30720947166651
17174,2016,62.803857823999905
17272,2016,81.84840165699985
17380,2016,69.14037631363675
17433,2016,83.3068894303337
17513,2016,81.40494522599985
17541,2016,77.7270643063329
17614,2016,62.82521840566592
17616,2016,78.84948662399967
17665,2016,88.13028682700057
17777,2016,75.5283581133331
17873,2016,49.83160357066579
18001,2016,66.12711468533354
18150,2016,87.58948910266692
18205,2016,86.02383284833344
18247,2016,81.9043564859999
18256,2016,86.39419439500021
18410,2016,85.63132328300004
18460,2016,87.31440765833347
18592,2016,86.18722324666693
18610,2016,86.10155184866663
18753,2016,80.8277789039999
19001,2016,60.510921192333385
19100,2016,90.66404616033329
19110,2016,85.33976793299978
19130,2016,92.6505477146668
19142,2016,65.8626665769996
19212,2016,83.50935163233304
19256,2016,89.33896847166676
19290,2016,86.59741086200007
19318,2016,81.79249862933325
19355,2016,90.91912118800022
19397,2016,89.2257608676666
19450,2016,90.9197291596669
19473,2016,91.46792983433376
19532,2016,87.70205852333345
19548,2016,89.27361114300042
19573,2016,60.56874435699979
19622,2016,89.20079566300002
19698,2016,70.797477613667
19743,2016,91.62488190166688
19760,2016,85.20359339699941
19821,2016,92.26084026266693
19824,2016,89.32721734566682
19845,2016,57.77976366633296
20001,2016,66.54610656733327
20011,2016,70.57465095166657
20013,2016,79.26243934400023
20045,2016,77.1388244326666
20060,2016,77.12169446733361
20175,2016,82.78441032299972
20517,2016,84.18768494266655
20621,2016,82.20731301400005
20770,2016,72.26461344699989
20787,2016,86.03701595233329
23001,2016,70.08832710233357
23068,2016,86.37427202466675
23162,2016,77.53083282933316
23182,2016,89.42303716033362
23189,2016,80.21630504933289
23300,2016,90.34314107900006
23417,2016,84.96946298299999
23419,2016,92.22172221033368
23466,2016,75.13864399333353
23500,2016,87.48830860933322
23555,2016,76.45871056766646
23660,2016,86.68349375766694
23670,2016,84.13941135166662
23672,2016,80.94000912566685
23675,2016,89.51051949300013
23807,2016,85.21419549566679
23855,2016,87.04626225966713
25035,2016,65.47590850566631
25040,2016,78.559693716
25126,2016,38.04318402699975
25175,2016,44.536090159666685
25178,2016,77.68915495400049
25183,2016,73.33361745966658
25260,2016,48.047037541999195
25269,2016,42.33136381033314
25286,2016,37.71990066033309
25290,2016,65.16382394296963
25307,2016,62.1977222893334
25322,2016,46.719532212332254
25386,2016,73.43945057000046
25398,2016,81.39840854700005
25426,2016,90.67103877866735
25430,2016,40.172491701666324
25436,2016,77.3854569823326
25473,2016,45.17985883066679
25489,2016,75.80763157166636
25592,2016,73.76382073333278
25599,2016,80.2592564983336
25662,2016,80.43808730166694
25740,2016,58.5554280860002
25743,2016,81.68195083933333
25754,2016,50.077139690666954
25785,2016,53.85974957500027
25845,2016,87.62053304333381
25875,2016,70.5571582023337
25899,2016,50.689687521969624
27001,2016,69.89829305499994
27073,2016,86.76031856166689
27075,2016,82.07723536266633
27077,2016,79.68189290699992
27245,2016,70.50542808233199
27361,2016,79.85442595133351
27372,2016,78.69930268733327
27425,2016,87.94520655300023
27450,2016,83.4328845929999
27495,2016,80.22322099500039
27615,2016,83.5129617979991
27787,2016,83.55359840833313
27800,2016,85.5311413350002
27810,2016,81.43490590499984
41001,2016,59.83254943066648
41013,2016,83.88474823933336
41016,2016,78.19733175933357
41078,2016,84.19449200300033
41244,2016,86.61155795900012
41298,2016,74.48813495866655
41306,2016,80.75145963600005
41396,2016,77.25879998066658
41524,2016,74.30260263966653
41551,2016,75.5222111410003
41660,2016,86.90036889166672
41668,2016,90.9666792873337
41872,2016,84.02575869333342
44001,2016,70.37349197499991
44078,2016,77.37451367600043
44090,2016,79.40379041966658
44110,2016,86.52699898200012
44378,2016,73.45760884499946
44430,2016,80.06556895500012
44560,2016,85.9912282370003
44650,2016,74.97817075399958
44847,2016,83.62085687866696
44874,2016,84.61099687200057
47001,2016,65.44101251233315
47053,2016,76.76464020466642
47058,2016,84.81432688333305
47189,2016,79.74250141700047
47205,2016,90.00119192200026
47245,2016,85.5267068953335
47288,2016,74.387379553
47570,2016,86.20053896566672
47660,2016,86.2241590803332
47692,2016,86.5592090923332
47980,2016,72.04179598766584
50001,2016,59.06349184066678
50006,2016,63.54523911033375
50150,2016,56.86120838666602
50287,2016,81.1115559013331
50313,2016,70.99880885800019
50318,2016,67.97328163466688
50325,2016,79.05969158633334
50330,2016,88.08317699266688
50370,2016,86.88575311800005
50450,2016,85.47399968733328
50573,2016,61.592690962665934
50590,2016,83.58653602900024
50680,2016,59.555948224332816
50683,2016,79.93777964133352
50689,2016,66.9090555913332
52001,2016,64.69068428433357
52036,2016,87.54568198033324
52207,2016,88.88942050566682
52210,2016,90.20803711966664
52227,2016,91.68870656600018
52250,2016,81.9536670989998
52254,2016,85.89902267399978
52260,2016,90.99830205266686
52287,2016,91.58741296166693
52356,2016,77.10525145266739
52378,2016,90.73288964233372
52390,2016,82.49274963033311
52399,2016,86.54951861966656
52418,2016,91.53420060833352
52435,2016,90.56588706266679
52473,2016,78.80117203966701
52540,2016,91.8235219256671
52573,2016,92.15271446966695
52612,2016,82.56897586966645
52678,2016,87.52736087433334
52685,2016,89.51075502000025
52687,2016,89.86212367733329
52835,2016,78.9535964603336
52838,2016,88.42658567966726
54001,2016,66.85878218930321
54003,2016,86.35157663500036
54109,2016,81.92118522599985
54128,2016,82.4587686539998
54174,2016,87.864556901
54239,2016,88.27986315766695
54245,2016,88.48348527066672
54261,2016,76.00383140799966
54385,2016,83.87402649666649
54405,2016,65.56228288233336
54498,2016,75.50229779700024
54518,2016,68.88875889000037
54660,2016,82.27639862033313
54673,2016,67.83394137733264
54680,2016,82.80362850866676
54810,2016,79.85092416433348
54820,2016,84.07807692333327
54874,2016,74.36961143566681
63001,2016,54.790261081636416
63130,2016,65.36680582899966
63190,2016,71.11467396633336
63302,2016,83.96079612000005
63401,2016,67.05961150266627
63470,2016,74.01625099166645
63548,2016,80.1816549146664
63594,2016,74.61037235733347
66001,2016,52.07214442300007
66045,2016,86.14804821633372
66075,2016,82.38937243366672
66088,2016,84.77065346833346
66170,2016,52.24332639666662
66318,2016,87.35350215200029
66383,2016,90.47086243500041
66400,2016,62.80998702796919
66440,2016,82.5444907476668
66572,2016,79.8505798816662
66594,2016,86.93202477066657
66682,2016,64.66742951133337
68001,2016,52.08657841900012
68020,2016,83.73025644466702
68051,2016,84.57895299000013
68077,2016,70.22861629897076
68079,2016,72.79642882433357
68081,2016,58.63570916233312
68092,2016,85.21938974400126
68101,2016,81.68239494066681
68160,2016,80.80360418333315
68167,2016,79.89858436766677
68235,2016,84.14947720966686
68250,2016,86.23437243400018
68255,2016,78.55078814666605
68276,2016,52.368613542999945
68298,2016,93.8552117930007
68307,2016,57.89009069299996
68318,2016,86.79253610733338
68370,2016,87.96658674566707
68406,2016,66.76958776866653
68418,2016,75.75501962533333
68432,2016,69.6365204233336
68502,2016,86.35214935800032
68547,2016,58.82729946666687
68572,2016,74.3479244513331
68669,2016,85.96201787366667
68679,2016,63.35837562530333
68682,2016,77.60576304433266
68689,2016,77.51943850699999
68770,2016,88.7265455316671
68773,2016,89.65366941666682
70001,2016,70.7408760473335
70110,2016,89.5326922910004
70215,2016,82.07741450100043
70429,2016,90.39461477100015
70473,2016,86.13193896933332
70708,2016,86.35457628400022
70713,2016,88.8451272773336
70717,2016,85.3782107763333
70742,2016,85.88225206833344
73001,2016,57.650780108666666
73026,2016,79.22168522433304
73030,2016,63.389180137665804
73055,2016,78.989436015667
73168,2016,78.70920990633353
73226,2016,89.23549554833386
73268,2016,69.41663305533346
73319,2016,83.72899138866713
73347,2016,83.22230050933356
73349,2016,65.48255345863639
73408,2016,71.27903826966634
73443,2016,76.30236510100052
73483,2016,85.20712172933358
73547,2016,69.78562611766604
73555,2016,84.33620312933314
73624,2016,80.6324695803332
73671,2016,78.48727834933369
73686,2016,85.231389566
73861,2016,74.21210105233304
76001,2016,53.62816945133311
76036,2016,76.24775033233372
76054,2016,85.55549384833408
76109,2016,65.76957491133314
76111,2016,57.20644161166643
76113,2016,63.331795250666275
76122,2016,82.32837862366749
76130,2016,58.71097328299944
76147,2016,65.92141335100038
76233,2016,79.44409976000009
76243,2016,86.52875086366687
76248,2016,63.699973940666425
76275,2016,68.50858619733317
76364,2016,63.524375574000224
76497,2016,74.78641921166655
76520,2016,55.54850347199989
76563,2016,64.11136432466621
76622,2016,72.85880659533336
76736,2016,75.07176795099986
76834,2016,61.28916222433303
76863,2016,85.33993333866657
76892,2016,50.12482119766606
81001,2016,64.92109008566668
85001,2016,55.717816762333015
86001,2016,65.45934955433306
91001,2016,63.28802414833264
94001,2016,66.4005174726663
95001,2016,67.96004388799996
97001,2016,63.216621399332404
99001,2016,67.60493386033322
5001,2021,41.538354764570514
5002,2021,61.88208783140099
5031,2021,72.6503306307088
5034,2021,82.73576580712195
5045,2021,59.73049563891754
5079,2021,65.67949483404766
5088,2021,41.21106937265793
5093,2021,85.1632580124539
5120,2021,85.92125038620195
5129,2021,31.53773933049724
5142,2021,83.3094961389317
5154,2021,84.50614025752961
5172,2021,64.96073011238111
5212,2021,40.003519496700044
5266,2021,28.021670841912083
5282,2021,68.54368017052624
5308,2021,44.338662889600926
5318,2021,39.19632714272158
5360,2021,35.51270166388519
5361,2021,76.59871161900158
5380,2021,37.082771489973005
5411,2021,76.872491361194207
5425,2021,70.4571831292164
5440,2021,61.03028531965812
5467,2021,63.209365545306035
5480,2021,70.84925860995466
5579,2021,68.92543615446876
5591,2021,65.60172039101406
5604,2021,75.912073397292815
5607,2021,33.48425703279002
5615,2021,40.56282251189655
5631,2021,27.79280434061408
5647,2021,73.25530173917083
5679,2021,70.15100858827411
5790,2021,92.23037649194737
5809,2021,48.894950584395446
5837,2021,66.95471277487532
5847,2021,76.91468396197024
5887,2021,66.66838806701527
5893,2021,86.5586591369637
5895,2021,87.8464640443034
8001,2021,63.36794914173171
8078,2021,74.78956419677851
8421,2021,88.74753996099865
8433,2021,69.35446784006702
8549,2021,77.13113186622468
8558,2021,76.24668165968599
8573,2021,62.65966428769082
8634,2021,74.06434284028923
8638,2021,76.49037861175204
8758,2021,65.03386716787088
8849,2021,85.47802138807346
11001,2021,42.13932844941439
13001,2021,63.2048144995754
13042,2021,89.17320098773766
13052,2021,75.99695316204087
13160,2021,77.08410763814334
13212,2021,87.86796277244568
13244,2021,85.75122643364948
13430,2021,85.89029411978858
13433,2021,89.86557496138398
13442,2021,92.5958485377981
13473,2021,81.95668972270494
13600,2021,87.38420780014152
13670,2021,85.04897865819045
13688,2021,86.09410002722566
13780,2021,94.93608308344054
13836,2021,70.8765674807351
13838,2021,78.4758256420303
13873,2021,90.84016956558474
15001,2021,44.62109641496931
15087,2021,67.23446546795019
15090,2021,93.15807660023272
15092,2021,34.01150034704646
15106,2021,70.77605521723846
15162,2021,69.52252309279102
15176,2021,61.71482729260505
15185,2021,92.68891782845932
15187,2021,75.49459815580529
15204,2021,68.9743912496587
15238,2021,46.005863330257746
15244,2021,75.19301998364568
15272,2021,50.692202645599835
15332,2021,89.00028016753889
15380,2021,95.03833916599697
15455,2021,69.62661821032275
15494,2021,89.55081700300448
15500,2021,78.9972266733866
15511,2021,85.27347135532598
15516,2021,43.59968918870987
15531,2021,84.6909881940198
15537,2021,52.618861341024456
15572,2021,68.69265158440693
15599,2021,83.40238704097543
15600,2021,74.584093038070165
15759,2021,55.88963928578324
15763,2021,73.25392686996946
15790,2021,54.410134713560254
15806,2021,55.4345349472309
15808,2021,78.32977144498048
15814,2021,67.1197706182189
15816,2021,84.22258189422534
15832,2021,95.21701340916324
15837,2021,71.27998927087667
15861,2021,82.88779897165888
15897,2021,88.56426280941001
17001,2021,37.2690541775845
17013,2021,73.20615884372431
17042,2021,79.22400599674481
17174,2021,58.802412168479236
17272,2021,82.18221730938836
17380,2021,63.415752412560046
17433,2021,77.70302181134294
17446,2021,77.55900272193051
17513,2021,74.29236618355975
17541,2021,69.17214884936045
17614,2021,72.03088836265232
17616,2021,81.58341843552091
17665,2021,86.06319221753019
17777,2021,70.4178874810331
17873,2021,40.513402513767616
18001,2021,67.45879335249147
18205,2021,89.8590601732269
18247,2021,82.38891118369848
18256,2021,85.83971909899135
18410,2021,86.36255806718373
18460,2021,81.9097169303115
18592,2021,77.52511456384713
18610,2021,83.80442509304899
18753,2021,84.78344875193184
19001,2021,58.02761735706435
19100,2021,94.99076123682987
19110,2021,83.4386791644198
19130,2021,89.80402594827974
19142,2021,64.41209412009518
19212,2021,78.10543167279702
19256,2021,89.18107793419823
19290,2021,94.42440786064329
19318,2021,91.73380118326244
19355,2021,92.82870907188835
19364,2021,81.72400782833462
19397,2021,89.75883090799059
19450,2021,94.93724999295189
19473,2021,92.44066401741088
19532,2021,84.97213711898272
19548,2021,83.06943576407052
19573,2021,53.89291292166082
19622,2021,93.12100464714537
19698,2021,76.72731242003151
19743,2021,92.88309651531611
19760,2021,93.58757990505575
19821,2021,93.16205031611335
19824,2021,80.18056368141728
19845,2021,65.29840338618187
20001,2021,71.45868117206514
20011,2021,77.07870643438092
20013,2021,77.65654428561449
20045,2021,81.13800316863687
20060,2021,81.5224983066711
20175,2021,81.1911291443693
20517,2021,88.9522133180943
20621,2021,88.89574552079371
20770,2021,68.66090765128114
20787,2021,87.70502156359846
23001,2021,70.08481362778163
23068,2021,70.60452912823308
23162,2021,82.14931302785011
23168,2021,89.01581598479703
23182,2021,94.05879678361913
23189,2021,86.26278211967247
23300,2021,92.29133477039595
23417,2021,86.17270095071466
23419,2021,90.82619807485122
23466,2021,68.26211129210427
23500,2021,91.70892850163682
23555,2021,82.21932359658295
23660,2021,88.76284379955453
23670,2021,92.22998287816903
23672,2021,83.9099877176027
23675,2021,93.32915860844332
23807,2021,90.52705874190376
23855,2021,88.55791881591881
25035,2021,57.38151207911106
25040,2021,73.68333700738035
25126,2021,47.69815801042759
25175,2021,43.641187231828994
25178,2021,66.42098656802516
25183,2021,67.45728062499929
25260,2021,44.382788286366406
25269,2021,46.8623293355795
25286,2021,35.37290232740494
25290,2021,61.43364097572861
25307,2021,61.15959081819612
25322,2021,45.90085492109432
25386,2021,71.97140176874133
25398,2021,83.62405017615043
25426,2021,77.42198057695235
25430,2021,39.24186044589553
25436,2021,84.11621947946345
25473,2021,49.451927109675374
25489,2021,90.19016351346482
25592,2021,91.80161653337026
25599,2021,66.32082050928302
25662,2021,82.63884094163114
25740,2021,49.88586561854407
25743,2021,76.92173313796864
25754,2021,56.338334521251326
25785,2021,41.03221084009766
25807,2021,87.79417693932628
25845,2021,73.26732007985635
25875,2021,77.09530531024006
25899,2021,43.53631424800947
27001,2021,63.245019721857865
27025,2021,75.73539736462071
27073,2021,90.82041656311968
27075,2021,83.58466993683251
27077,2021,77.39608385782019
27245,2021,71.22720359096077
27361,2021,76.53243178998402
27372,2021,82.12964817020753
27425,2021,89.04019227202747
27450,2021,88.42025005325495
27495,2021,83.7809002125824
27600,2021,83.75649253549031
27615,2021,83.762173831637
27787,2021,90.69955097696376
27810,2021,88.09725982542085
41001,2021,57.41485753693664
41013,2021,83.83770236450131
41016,2021,76.60407373397862
41078,2021,90.27564728873911
41244,2021,91.11094841112994
41298,2021,74.07407885476039
41306,2021,83.4739833484297
41396,2021,78.60442024881316
41524,2021,78.87075337489775
41551,2021,78.65701316789075
41660,2021,88.01068537718875
41668,2021,87.6828899705139
41872,2021,87.59427869668365
44001,2021,73.02053039370517
44078,2021,80.93899116299802
44090,2021,83.85570917291263
44378,2021,84.52479766428685
44430,2021,85.98167659352424
44560,2021,84.93953653075201
44650,2021,78.70932304437241
44847,2021,80.66996528430144
44874,2021,88.47163946543017
47001,2021,67.64213764897066
47053,2021,79.28965221433542
47058,2021,85.51619923979433
47189,2021,79.11224129310312
47245,2021,85.2722209342166
47288,2021,78.6082241590155
47570,2021,90.47790163769322
47660,2021,86.59461678235874
47692,2021,86.05606436255876
47980,2021,78.89702703666848
50001,2021,58.29847437726917
50006,2021,65.23094134108963
50150,2021,41.51680320013307
50287,2021,79.96037760365657
50313,2021,78.7929093081013
50318,2021,69.76469585124882
50325,2021,78.36282956824046
50330,2021,83.42909179095665
50370,2021,88.45061257265765
50450,2021,79.74738368783404
50573,2021,65.35353506137119
50590,2021,75.66326880289466
50680,2021,55.72372390462262
50683,2021,85.30542904888914
50689,2021,63.61641355847498
52001,2021,62.501892688130646
52019,2021,86.93286989299357
52036,2021,90.06487283678065
52207,2021,91.82198493207505
52210,2021,83.77930795331187
52227,2021,90.49357765275316
52233,2021,83.3845658435043
52250,2021,85.00501165032802
52260,2021,87.6465049278038
52287,2021,92.95999325093415
52356,2021,83.19008361906991
52378,2021,87.74668804285083
52390,2021,93.2588259588383
52399,2021,89.97770411595833
52418,2021,88.23339772019814
52435,2021,91.96667616716593
52473,2021,87.32382079779731
52540,2021,87.49027049432279
52560,2021,88.93789477353852
52565,2021,86.59373055472642
52573,2021,87.35645350978622
52612,2021,85.92155400719814
52678,2021,89.25859667513642
52685,2021,87.15791207957211
52687,2021,91.10965641828166
52835,2021,80.69654203333371
52838,2021,88.95800599045826
54001,2021,69.51289367111733
54003,2021,84.62475355902818
54109,2021,76.79765823678927
54128,2021,84.65809749395238
54174,2021,87.81453087339086
54239,2021,90.87707030920055
54245,2021,84.96676702242928
54261,2021,75.27251753326303
54385,2021,88.03642689273141
54405,2021,63.79009022194918
54418,2021,81.41267919952104
54498,2021,77.81010238971649
54518,2021,75.98208026386004
54660,2021,85.0819296782022
54670,2021,77.4735621691901
54673,2021,66.39563584317766
54680,2021,83.34141163181798
54800,2021,84.44900643849688
54810,2021,78.15611599381614
54820,2021,73.58212400833865
54874,2021,76.84292418667428
63001,2021,53.56696572378049
63130,2021,63.482404929163295
63190,2021,65.61312157675385
63302,2021,76.72636769215285
63401,2021,63.28236153884153
63470,2021,71.67944452103579
63548,2021,75.20859721884423
63594,2021,67.2017510277631
66001,2021,49.869121901408526
66045,2021,71.7126611714021
66075,2021,66.05511381487557
66088,2021,86.83625241893535
66170,2021,48.80853199086867
66318,2021,83.28603786553485
66383,2021,86.1700076594414
66400,2021,57.339878941283196
66440,2021,76.5235149654233
66572,2021,83.06859363332707
66594,2021,79.78298870790307
66682,2021,67.35114869396247
68001,2021,52.08273392852365
68020,2021,81.73844319803781
68051,2021,83.2310611813495
68077,2021,78.6986976969646
68079,2021,68.82078156176752
68081,2021,60.08350293891417
68092,2021,87.53178906359594
68101,2021,84.30663810946831
68160,2021,83.70334445237212
68167,2021,80.00867825777271
68235,2021,84.31307561311444
68250,2021,89.29229638404131
68255,2021,77.31103489809094
68276,2021,51.47262505583989
68298,2021,94.72979191467492
68307,2021,55.73583754735415
68318,2021,90.81068487306176
68368,2021,79.32297387095032
68370,2021,93.50652592416844
68406,2021,61.548029579023115
68418,2021,68.42092577116847
68432,2021,78.4722716678362
68468,2021,94.79203107302699
68502,2021,73.93924184059613
68547,2021,61.38382980407553
68572,2021,62.5179884876195
68669,2021,84.9419985387244
68679,2021,60.797217302836415
68682,2021,70.33833282322057
68689,2021,72.5263908026461
68705,2021,86.15967900236774
68770,2021,81.13855030493829
68773,2021,80.9842048322972
70001,2021,72.8601078596527
70110,2021,89.88567356239787
70215,2021,83.32840130655197
70265,2021,93.01494415205163
70429,2021,91.09823967344914
70473,2021,88.312478465743
70678,2021,92.1488161208536
70708,2021,89.59702638470495
70713,2021,91.85878454723192
70717,2021,91.13199083665074
70742,2021,89.84452347410031
73001,2021,55.066423462850864
73026,2021,76.99653278971273
73030,2021,53.557244137700266
73043,2021,95.53339164508418
73055,2021,80.85103107441489
73168,2021,76.28496982793969
73226,2021,76.41539022921478
73268,2021,61.696023181578674
73319,2021,71.15472592031806
73347,2021,81.96414826066075
73349,2021,67.23210404386825
73408,2021,67.86276461556949
73443,2021,70.08941753827212
73483,2021,89.44916662701561
73547,2021,66.71148906168159
73555,2021,87.3318118839915
73624,2021,89.39615189202335
73671,2021,76.7427760993967
73686,2021,86.53013555082066
73861,2021,70.87366441850665
76001,2021,53.81887016439107
76036,2021,75.44848134828126
76054,2021,81.39501900777874
76109,2021,72.8355447106297
76111,2021,61.212132288911775
76113,2021,63.01728221998942
76122,2021,80.81581738348237
76130,2021,49.96529724111825
76147,2021,59.87837181008775
76233,2021,82.78788888448311
76243,2021,84.68115801246483
76248,2021,56.21009081170893
76275,2021,69.99146865317627
76364,2021,65.64295911935109
76497,2021,72.72304439115835
76520,2021,58.75717272110086
76563,2021,58.537492797093634
76622,2021,76.10884722961362
76736,2021,76.62172815951422
76834,2021,63.773776004296984
76863,2021,79.3543674289448
76892,2021,49.75343728552395
